,ProductID,ProductName,Category,Price
0,aa1e5b98-4424-4ea4-93e7-d1500a4b2963,few,Home,180.36
1,e9f12ad0-f4ab-4d5f-9a57-f98c8e67cb4c,feel,Electronics,105.4
2,d381ba31-7d8e-4ace-a28d-f2fee90cfd45,nothing,Clothing,174.87
3,2a192b46-e167-48a6-aa81-575d759b33c2,pull,Clothing,142.87
4,dfe4233c-2836-467f-8da7-94a326db04b6,process,Home,133.29
5,6abcc565-c3a8-4f3b-88fd-158038bcbed3,want,Clothing,96.64
6,475bd736-7163-421e-b17b-85b0359c0e9a,role,Electronics,87.97
7,d67fb3ed-3f43-4fe2-b50d-374893f2dce6,knowledge,Clothing,76.92
8,3bc380e4-3345-46f4-8bcc-8f71579d2920,over,Books,113.07
9,344b0658-797a-421b-8808-49231a54e766,item,Clothing,109.4
10,eabcfe07-3e76-48a7-b49c-8f5b76bb6fcc,never,Home,155.37
11,4936f46b-c68f-4fdf-9847-d8ad2be6736f,fall,Clothing,31.54
12,6f4f0cfd-3388-4e85-9954-ce7330ec1e47,well,Books,43.4
13,61112802-1b7c-4288-9566-07d125acb2c5,drug,Home,91.39
14,406b4004-7893-4842-82a0-049bf849fa94,listen,Books,43.61
15,d2260f2b-3ef8-4ae9-846b-c09c8b3edbd1,cell,Books,123.03
16,6e4b7a64-ef20-48bf-9a1e-9b248b52e171,appear,Clothing,113.12
17,3cd28958-64db-4194-a077-f989bb888dab,machine,Books,82.5
18,63aa8226-69c6-4ef9-ac9d-360a8f8e9737,certain,Books,170.57
19,99e1a47d-27f4-4d03-ba6e-8be8d63b051d,learn,Electronics,140.82
20,eb924f83-d719-4d32-87d6-6262a0327d38,civil,Home,93.12
21,9317e2f4-bbef-43aa-a0c3-e44c17ee07e0,teacher,Home,63.82
22,77e7de2a-98fd-42dc-8ed4-da4cf28ba179,black,Home,127.87
23,957e064b-d5d7-4c4a-a429-b9b85ec34763,hair,Books,185.78
24,b4a1e6e9-830e-473e-8cfe-14f509f6d319,rise,Electronics,172.83
25,57d0922e-b76e-49b1-9961-003fd84444ce,blood,Electronics,199.12
26,389b33ed-d47d-4a7f-b2fd-e93b3fcca363,hand,Home,163.13
27,d6593c69-19a3-4649-a17f-b67369675f1a,computer,Electronics,29.72
28,d651fc86-6780-453e-8fcd-bd5d20fd7133,affect,Home,133.43
29,4f7b8896-c40f-4503-8660-30a61212b709,left,Books,127.09
30,5006879a-a18d-494f-b46f-98d4dde27fc3,news,Electronics,88.14
31,b51a1a2f-6105-4871-8aa6-1e5b63189ff8,himself,Books,104.32
32,cc6e1099-dbd3-4244-a43b-62e85177c037,like,Home,152.83
33,e896e799-edb5-4866-8f8a-7966117d8939,its,Home,186.17
34,8e50bc58-8c2f-49d6-9d9f-686a018b2763,no,Electronics,28.94
35,3c169fd8-d329-4b6b-98f4-7f071b1f02b7,leader,Clothing,94.38
36,ca3c11b1-cb33-4c76-800f-09cf5e497b74,left,Electronics,120.43
37,8e381dbf-5bf9-44ab-bfad-806b2198ca72,civil,Electronics,16.2
38,1e4d3e7d-7f6a-4ccd-aae1-66dd615ac919,treat,Clothing,65.08
39,b8f78e06-2987-4adb-946a-bae791b8d343,use,Books,89.92
40,e6b6454a-1b99-4b40-a911-19a27daab4d7,cover,Clothing,52.35
41,4f202934-06c3-4d7d-975d-222cff806d69,officer,Home,96.38
42,51a6a68f-60d1-4ae0-8944-7b112b64edc3,yeah,Clothing,82.41
43,c10b012d-9347-4754-830f-35a99fc9f797,with,Home,47.16
44,22e4e50c-0e97-46e3-b9ea-850e001971a0,likely,Electronics,99.22
45,2cdb39d4-e5ea-4dd4-a63a-fd7a0ee7e3f3,society,Electronics,33.64
46,b393bf1b-9611-45d7-9406-8a315c05ac64,present,Electronics,193.85
47,37f2e76a-2900-4d68-9715-af45155693ef,it,Home,183.67
48,671241f3-76d4-4f63-8f0e-e4dfc9ff5cbc,represent,Home,88.46
49,1670404e-3970-4dd6-943e-ad54c0acf18e,as,Home,165.88
50,7d792cbc-12a7-4192-93ba-efbb122f4a27,positive,Home,143.73
51,d4405b41-4b3d-4f47-a51f-aecd8d412602,table,Clothing,150.82
52,8431d3b5-5513-4b5d-85bc-c29691764bb1,back,Books,11.44
53,640b5941-411c-4fed-bed1-1828840fa499,continue,Clothing,81.18
54,b38b8c69-4bde-4f84-a1c5-e34ef624c6fb,head,Home,52.55
55,e10697ac-5d2f-43f5-b70f-69e25a246c17,together,Books,63.88
56,99ec669c-f468-4867-9594-07a572f0b49e,next,Clothing,177.13
57,4c60bcc8-305d-4d2d-9fc6-fa7c25d1c20b,according,Books,60.25
58,30d5f50e-2d6d-45e8-907a-0ec5cb8d75df,think,Books,169.31
59,4b978d88-68e2-485a-a944-d10bfb5128d0,person,Electronics,161.08
60,9d485ce4-ae05-4023-ae7e-1e071bc54017,customer,Clothing,88.8
61,954be58d-af83-4859-833e-4b880cddd125,citizen,Clothing,55.9
62,eec9e1d8-7de7-48ed-8636-7aa241555c03,easy,Electronics,181.04
63,734f0316-fa4a-4e84-af4c-6e29e76d6bb2,town,Home,88.77
64,2491ea0c-5994-4fbb-92a9-2cf1b65a7d0e,begin,Home,12.95
65,888916be-9da5-4e97-b834-d6ce86800abe,draw,Electronics,39.14
66,994f4249-99a3-4730-8102-b1b02560fc9c,ok,Clothing,81.14
67,6f32bcd1-8639-4cf7-a362-9d8e27ec1450,put,Clothing,165.17
68,f50c12b8-31c7-4ba5-8e7b-7b676eb41d39,each,Home,165.81
69,eb3f0f53-5c22-4020-9178-c7b9454b2246,north,Clothing,123.99
70,2b7f310c-c954-4807-b94d-1e044f018bef,exactly,Clothing,73.67
71,d5fe0376-a4e6-4de2-867b-91b9a0eb732a,new,Electronics,192.24
72,bb82953a-cd8a-4432-8a75-d6418e2f6507,project,Books,198.64
73,6b5c516c-79b1-4c75-833b-f37a2a153f70,only,Home,55.95
74,cb057b94-de26-4e56-97ef-38026eaee311,property,Home,194.96
75,c9229d4a-9ee9-4f09-bf9e-35f6d215cd63,according,Books,46.61
76,21966a63-e91f-4d53-8260-cbf82e5e9400,wide,Clothing,132.44
77,49f184a2-96dc-4654-ad30-8277bec3d064,set,Electronics,167.42
78,bba32200-dfa2-46c4-8dab-8eebc77e0110,around,Home,162.25
79,c5027888-151a-45c0-927f-74c56bfa7e4b,age,Electronics,119.79
80,bb92a03b-3a1b-496c-89db-b1d946a82536,guess,Books,34.49
81,ae712db1-02d7-4160-8d11-cfd5dac0c400,hope,Home,130.89
82,c4ebe1b9-778c-4fad-a259-627e76b82b70,language,Books,195.7
83,f4736f3d-5373-4e05-b3a5-ddae922b10c8,recent,Home,43.01
84,82355890-4659-4fab-a89c-41a5eb757e4e,quickly,Books,181.79
85,be0e6e8a-5996-428f-8aec-3ac69ddd980f,know,Home,108.28
86,c692a422-30b8-490e-929c-a3821b3b8954,strategy,Electronics,93.11
87,6d9b19a4-aef0-4b39-9bfb-d5c65e4e9b4b,thus,Books,28.92
88,ed89098a-5b6b-4681-816b-dd13792f0230,improve,Clothing,162.22
89,0fe684f2-579a-4cc7-881d-38b0d8be1a21,listen,Home,105.81
90,3fb20cd3-109b-4898-9d54-32fc19d65cfe,prepare,Books,129.97
91,cb677fff-88bb-43aa-87c4-343d73492de2,finally,Books,159.01
92,d1a5febd-08b2-4964-9f95-5963d7ac514b,travel,Clothing,170.18
93,a57789d5-0315-4687-a4cd-69765e3c5748,tough,Home,129.19
94,6fd117b5-b657-445a-bb71-63d0f9b990ce,put,Clothing,59.44
95,48bc620b-4010-4b98-943c-261b2ed19842,quite,Books,115.05
96,cb12963d-8cef-4dc3-9800-f555954bdfaa,edge,Clothing,190.25
97,7f152a50-41c2-4807-b3bf-3f593baf4b6c,scene,Clothing,48.71
98,39a8bf55-d602-4ef3-b80c-e22327890556,throw,Electronics,27.72
99,a863d828-6fd6-442d-b87a-7b57565ae4d1,catch,Clothing,93.11
100,b9e9771a-0a66-47f1-a5b8-99cd6f40743e,whole,Clothing,129.49
101,6f579b99-20a9-4480-b4e1-c687216a0524,lose,Books,122.72
102,a4d6caf2-256c-42b7-a018-3c55760a7691,draw,Clothing,15.29
103,a019b09b-1567-426f-b867-c02313046b59,operation,Clothing,144.44
104,7ebe6645-7ba6-458b-a1ee-9cbdb87563b3,name,Electronics,184.91
105,89b6a422-6ebf-42a5-91b1-10b565908577,start,Books,24.97
106,bb2464b1-1a1f-4bbb-b51b-2af63e644dba,happen,Books,82.66
107,8d4d4ce7-5216-45ba-bb3c-d380c7e8b526,difference,Electronics,151.04
108,cd0539f3-4620-4979-bc01-0aee12d6cb2a,decide,Books,34.8
109,2c02abdd-3613-4172-86fa-dafdc2679c07,form,Clothing,96.2
110,3419b15c-b095-4c76-9c12-141423d67965,sit,Home,129.99
111,3319da94-a82f-4070-bdd5-672dd810ff62,garden,Books,78.04
112,20b6056a-dd15-42ff-a9ce-0962dcc33bbe,modern,Electronics,55.55
113,dfe6f6a3-1a1c-4644-8581-c0b1183efd29,we,Books,180.6
114,aade1991-d62e-4db4-8713-a06ad6444750,none,Electronics,66.42
115,0d77f97e-297d-4659-b3d3-ad648b96c4b2,history,Books,111.73
116,cb277b66-0886-4bae-8074-0465c811a7e4,hit,Electronics,56.6
117,19d6dce5-ead0-488c-b80b-6cabc34d46e3,way,Electronics,158.21
118,e1e7fc92-75f3-4059-b637-8005fd2c0de5,theory,Clothing,159.35
119,5fa0db03-fe75-4b05-976d-be5f98e9d0dc,whether,Electronics,156.37
120,63472ec3-83d6-41de-9a31-1f9fbca878fe,west,Electronics,135.26
121,8e0c53df-008b-4dbd-8177-a0dcef701e6a,wall,Electronics,62.24
122,b8748a6a-414a-48b0-8d58-78bf3716baeb,Republican,Books,187.65
123,1f8bc18e-f123-469b-9554-bb8b915d0da4,get,Clothing,129.21
124,3e51c41e-8207-4b3a-b197-e8646aaa9636,decide,Clothing,131.29
125,b7a91cc6-294e-4c01-9350-2e86a896a4f1,hair,Books,120.08
126,8325ff0b-b885-47ed-8e28-058ebaf0d1a3,represent,Electronics,29.65
127,cafa654d-d676-4e6f-9e46-d10eb861ea6f,likely,Clothing,97.23
128,0939725a-f47e-405e-8b8c-d2275125f50c,begin,Books,123.22
129,fb9128aa-3fe6-4787-9f2f-efa8632107c6,state,Books,30.34
130,7542b312-a9c3-4dda-8c0b-553585b96019,begin,Books,63.67
131,499f9c1c-af0e-4170-beb7-5dad48d5990c,everybody,Books,179.97
132,e1146d2b-e07c-4251-847e-2fb6e58e47e9,different,Electronics,27.63
133,7583b25c-29c8-4cdd-9ae6-7f36861491e9,address,Home,103.91
134,b90726aa-a90f-4be9-a1e5-69a55080b4bb,human,Electronics,78.67
135,c20488ef-54cc-4f49-b946-da4c133104a3,point,Clothing,169.28
136,f61b3122-8616-434c-9cb3-06a96643fa0e,factor,Books,84.25
137,83546acd-9fcb-4f5b-80a3-0746524c131d,represent,Electronics,103.3
138,b50dedb1-3ce1-4beb-a478-fe2e73c33c49,system,Electronics,14.17
139,40d893e3-73ce-4a76-ad88-c876257d5faf,heart,Electronics,23.98
140,48543163-6a5b-487f-83a5-5cdd13977ced,develop,Books,192.25
141,920bc449-86c5-4890-900a-f281f81d055f,list,Home,24.5
142,330197a4-bded-4e12-9e99-867cb308095e,important,Clothing,140.59
143,0af4001c-6b2b-41ff-a88b-c97c9d664cdf,during,Home,81.3
144,aa204566-89e0-47da-a3c0-d11e90b79ab7,loss,Home,69.58
145,860b003c-df10-4017-adab-25f9103753e3,full,Electronics,182.58
146,0fdea8b0-41a7-44f5-b6d8-ff12453bf1e2,our,Books,163.62
147,059402f6-e488-4c15-9e31-3365dbaddeba,seek,Electronics,44.16
148,7910fe5e-bc24-48f7-9f2f-6305cfa1b5d6,something,Home,11.93
149,08d20606-a5b7-4b97-91c9-38a67af3f9f8,trouble,Home,43.95
150,ad66e3fe-588a-4d37-b313-fd7384d5f1c9,bed,Clothing,117.79
151,69ed4ba5-582e-4794-a9d8-e10251b5bca8,television,Electronics,125.26
152,b57f847d-9f3b-4a8d-9d5d-cd5dbc2d17d8,stay,Clothing,15.98
153,35e3fbec-e4dd-47ef-982f-b231760e0ba5,section,Electronics,195.42
154,d7a09d02-0559-4141-8deb-730de2948ed3,back,Books,198.81
155,4ccb3adb-5a26-4b5f-b9d3-9e5e9fb12012,onto,Home,101.94
156,dc0d91a7-e0e9-4c63-92c4-5ed66d863c4b,want,Books,126.66
157,a1f40611-0152-4234-aa3d-a0905d77b3c6,share,Books,113.83
158,daad3971-52f8-478a-bb27-a3541ee2b3a3,example,Home,40.09
159,21b20ece-3509-4c49-a54b-e65f5e46f037,perhaps,Home,150.92
160,69fae77d-28dd-4a7e-b04e-b5485652921f,senior,Books,186.05
161,34533a31-fd8d-4734-9d7e-84a8cea2c903,training,Home,46.64
162,d715b86b-dc25-4831-85ea-93529dbf4dad,may,Books,15.62
163,40c5dde5-f0fe-456c-ba27-58920bb0eaef,visit,Clothing,14.38
164,a2fca74a-f12b-4548-986e-2da28d6c1d71,responsibility,Home,107.23
165,fa4bc267-7409-4743-9759-ea770413a187,two,Electronics,38.95
166,7a737ed2-b03a-4781-b05e-91195f749c57,generation,Home,174.71
167,d8d94071-d23c-46fd-808f-fc38f9cac4e7,both,Clothing,31.81
168,723aba7c-8457-4b3f-a7ba-3f2ad52f838d,debate,Home,51.22
169,9ac53c94-c97d-4150-bbde-b04e1bac8914,our,Clothing,72.23
170,7d5114e5-88fc-441a-9135-9910319f0de5,realize,Home,51.75
171,2d769b99-2872-4a3b-a518-3edbed062f16,air,Home,148.27
172,14316f1d-6f39-480a-b51f-ad7cb52fa6ab,generation,Books,188.57
173,612001cb-41cd-403c-80a1-a44b6f2b56a0,stage,Clothing,60.84
174,e39fa9bc-e856-4eae-a862-d541999cf3e3,certainly,Home,101.5
175,2954fdb0-ce7d-4513-8465-88514d336433,she,Electronics,191.11
176,8973dee8-b15a-4e67-80a2-096fa0f31699,yeah,Books,76.23
177,574d46ce-51a5-4e46-904b-a92859203f8d,each,Electronics,114.78
178,3905e2ad-b5cd-43bd-8623-82043e42fc11,mouth,Clothing,65.92
179,e9f1e6ee-f596-41f6-8255-75c8c27dac9b,interview,Home,151.59
180,735448a5-8f30-4fb8-a20f-8f394ffdc490,stand,Home,104.2
181,1f95bd85-ba22-4457-aae9-6f2e35da4ca5,in,Clothing,107.4
182,036f39fb-0547-459b-8d72-4a31e7c533f6,lot,Clothing,85.99
183,33d87a5e-06a2-4859-a1e0-eb608603fa50,onto,Books,46.68
184,7d38e97e-663d-475d-8c7b-944a6f466183,so,Clothing,42.86
185,c07e60cc-3ff3-4b4b-a0ea-cbf94b41a3d7,respond,Clothing,140.54
186,711f8344-8a35-4617-8c8d-93200d9e596b,onto,Electronics,178.59
187,5a2b16fb-4ece-4ff5-bcb6-3e7531d6d543,road,Home,63.41
188,4ad9bdc4-208f-4b28-b6fe-926c4f95d225,off,Clothing,84.64
189,bb28182b-9cf5-4afc-85ac-82c6a560c51f,in,Home,120.89
190,8c78285d-fe9f-43bc-95a4-10c378bfbe89,talk,Books,155.63
191,4f879268-5b6c-40b7-b34a-861d5e68207d,section,Electronics,69.2
192,d7166fa0-36ed-4c50-83e2-382a636d6759,opportunity,Books,160.88
193,7f4790a2-b050-4db9-9e33-3727b8837c1e,similar,Electronics,191.21
194,32b0d5fa-68e6-4cdb-977d-cc62e5c9a2d8,prove,Clothing,102.69
195,7959d762-81a2-4b96-b071-477f375c2fa0,send,Clothing,177.74
196,29905747-8d40-4462-a691-df2754f45ae0,girl,Books,90.51
197,a4e5eb13-b92e-469a-b79f-b6eceb893e25,baby,Clothing,151.95
198,bfef387c-d50c-4ef3-be20-4b9310a85f58,situation,Books,165.02
199,69bedaca-f886-46ce-9418-1e9dc8dc36fe,fear,Electronics,128.35
200,52e616e3-0824-4979-940b-f4bd90c1c960,particularly,Books,125.39
201,5f756b93-ac08-4002-94f7-f45241cc00a0,truth,Books,91.57
202,204dbd94-1bad-4d8c-965c-a7e123a6a346,knowledge,Electronics,117.76
203,2c296836-adb9-4c42-8366-bc6dbcbee6f0,cause,Books,81.05
204,fd142ed0-314c-48f7-81a5-52c94e3f0e10,suggest,Electronics,130.21
205,1ca444e1-9076-49f2-911b-491b96142c3b,nearly,Books,22.21
206,79588884-87a9-469d-8d6f-0dc44cf6bb9d,source,Clothing,41.78
207,242b580b-c7d5-4d29-bebc-0d8fcefc4e20,worry,Home,16.41
208,e24e533c-b06f-4a9d-b312-d77bdb90fbad,own,Books,107.16
209,6a859938-0833-46e7-8f9f-c88da55ac512,together,Electronics,121.51
210,4b71e46f-904f-4485-9c28-ba7381a275b3,new,Clothing,65.76
211,a8b57e10-e959-4ca5-82d7-6c08fc3371cb,pass,Clothing,167.07
212,1572457c-95f3-45cf-ae37-bfac5cba84ba,image,Electronics,132.57
213,452de63f-af3c-4bb5-b1ed-e7e216c42223,occur,Home,193.38
214,c2fa96d5-88e6-40df-802f-f483ff96d17e,whole,Books,76.93
215,58b264f4-cdb5-4374-a0e6-9912a5616945,sometimes,Books,15.69
216,1d0d24b2-b5cf-4a2b-bb1a-71ea1ac07789,raise,Books,44.18
217,2bdbf018-84e2-46dc-9a94-e841e09631b8,trip,Home,71.31
218,7e604ae6-8077-43ce-8cd8-c045c2292bcb,sense,Home,160.27
219,ce64b45a-6ccd-4a14-afb6-c3091a266277,foot,Home,77.97
220,fce24440-b4ad-4e07-96f0-76fabdab278b,protect,Books,23.8
221,2220e82d-d985-42b4-8076-c2c90cbe83d9,find,Books,134.82
222,8196f50f-e85e-44f3-a3b5-8b73211b762f,country,Electronics,80.67
223,e4972e02-9216-4c9a-9150-8d0de96848a4,catch,Electronics,158.11
224,8cbd69ba-6bd4-4206-83e0-d6ab9ff1275c,these,Electronics,33.24
225,3e82d758-89b8-40c7-83a4-248e1adc7a6c,hit,Home,70.53
226,4e2c7813-487f-4198-b0d0-2cc513df2e13,everyone,Home,12.07
227,7c71cda7-7113-4df6-a071-565ef681c823,suggest,Electronics,72.49
228,df4e0af7-9394-4760-a6b8-77ee389394da,employee,Electronics,98.42
229,5c767552-f93a-4dfd-b1fb-7f2e1608926c,car,Books,161.1
230,700658c6-c911-4d37-b383-de746406ff9d,although,Electronics,180.76
231,a57968f1-205c-47e6-a62a-d2decb1db790,laugh,Books,116.71
232,bfc63058-5154-4197-877b-50923b5d3ce3,family,Electronics,83.26
233,bdb81075-8859-48f4-bfc1-f6f426e0acb9,group,Books,124.34
234,1bbf8cf2-ea6f-498d-9b23-c88ede60798b,everybody,Electronics,110.18
235,78f051d1-86fd-4a05-902e-fe46449db956,born,Clothing,29.55
236,e8af11e6-1785-4bcc-b2c8-f50f5e103449,must,Electronics,62.83
237,129fcd01-ed53-402d-a9cb-63609f48e12f,board,Home,125.5
238,a77887fc-4a5e-4381-b82e-dc6521bda884,most,Clothing,177.84
239,2fd071e2-5428-4dbf-9511-4764fe8ee191,finally,Home,173.38
240,3dccbe70-c26c-4934-89fb-95e6678a823f,official,Electronics,24.22
241,eb1a1f06-b0f0-4f07-9f5b-ee7caa9f3628,fly,Electronics,179.61
242,0dc32e49-1b22-4773-a72c-f81f27263bc7,investment,Home,90.13
243,fd5087e1-4343-4d55-9efe-d26e719c9db8,theory,Home,153.68
244,3fe60091-387f-4a88-9b0b-8345b152a1b2,according,Clothing,70.38
245,dfdd7724-9467-475c-968b-5bb4bf456b1b,nation,Home,70.82
246,a29e9635-319e-4691-9505-015808dad39f,success,Electronics,47.45
247,48984878-3109-4786-a663-c47c9c04afb4,later,Electronics,162.52
248,e94bbb96-9ca3-4d24-accc-afa78eb6b3f1,fine,Home,104.74
249,0c2a0520-6a0e-4573-bdd9-0d778020d227,everyone,Electronics,198.15
250,1258f0ad-a320-4b71-96a1-4eadc99a4a24,factor,Clothing,90.04
251,d3411d98-d4bd-4963-8724-a8fef55b91d4,mission,Electronics,33.58
252,8d037b7a-03f8-4dac-995b-cbd4bed40de8,often,Home,42.52
253,a8b3b991-abd6-4a78-8fdc-3a6139183448,reality,Clothing,72.11
254,8d9b14dd-a6a4-4833-8a9a-1139a8b3ab99,thank,Home,82.74
255,b0d246d1-0595-4541-8262-6cab173292c1,these,Electronics,119.52
256,ea8fe45e-edb3-44e5-8a0c-c1def0144556,care,Books,64.16
257,c9cd3f4b-dc6f-4fde-be7f-1eb5ba2f1139,surface,Home,132.3
258,548e5b15-271c-4907-80bb-a5cdcd2f81a2,who,Books,172.66
259,1faf4588-8f02-4937-9d42-7afaa82816d0,page,Clothing,197.71
260,2b5ee3be-4ab8-4218-9407-fa38f3ad036e,live,Electronics,183.21
261,47c78f1e-b953-4974-b869-e24a620b8e22,toward,Clothing,64.03
262,b0384518-bf37-4311-a2b7-510c8e588ffa,whom,Clothing,169.91
263,4c75f03b-7b16-4ba9-b7e1-2681d68e04d6,head,Books,86.53
264,021bdb40-92f1-41c1-80d6-b34f9269e191,girl,Clothing,180.21
265,0749a2c0-cb02-4454-a6e1-954c661c903c,control,Electronics,184.43
266,88330da4-dbe3-4fd6-97c3-a72df8d9574e,word,Home,17.43
267,f924bfaa-488a-4fdc-93ed-3bcffd228678,possible,Books,132.51
268,f26a3ae7-fb3f-42ec-9e38-5deb8b4deaf2,firm,Electronics,23.2
269,17cbba93-8204-4c68-96ff-92ac409f6494,individual,Books,28.07
270,d97723f9-7d33-4ec7-8685-e9f7d79f6378,model,Electronics,162.48
271,0863c048-0fbc-4970-a3a8-a752da5270dd,attorney,Home,147.42
272,78a2fbee-d872-46bc-b4ee-389bd4ef64fa,provide,Books,62.19
273,1c4f44f2-93a7-466f-8be7-3b6542247218,my,Home,153.2
274,3b561ff3-786b-40bd-901a-399108551ca8,economy,Clothing,86.07
275,a61fed21-9e95-4e42-ad51-c9c3ba783175,only,Books,115.73
276,9d5c17a5-35d9-4701-81d9-20718cafc709,off,Books,69.5
277,03837e30-fb9e-4434-a581-517aa2f04ee5,interest,Clothing,126.34
278,02ce6081-c749-43b2-bc41-a9a348d8dfe3,southern,Books,84.73
279,7feef10e-9fa4-4c54-b00c-2a10f1c6a618,save,Electronics,142.33
280,d8bd6d99-da89-401c-8d69-45d4436b2c14,certain,Home,96.37
281,82bf2438-8a20-4c6b-bee4-2baa54e28e29,reason,Clothing,171.25
282,d07d14ba-0bb9-4c21-8dd8-1919056f7256,control,Books,193.76
283,34387eea-794c-4e10-b8bb-f0a24ce6533b,seek,Books,33.07
284,cbf16719-4666-4f60-b4f0-44d1d4ceb63f,key,Home,81.04
285,3985a68d-bf35-4d17-ba91-3a7ba53fb973,part,Books,127.42
286,11db1992-a84a-492f-b35e-3b770dfffb3c,else,Books,15.56
287,f9aa75b5-6072-4aa5-b962-b6bc77e9d434,today,Electronics,19.09
288,b3bf5135-5129-47c8-abc4-7b35e1040a55,both,Books,11.98
289,180cd05d-7a81-4173-a429-884b3b75c49e,this,Electronics,29.98
290,5eaba594-9dd0-43a9-bd3d-fa755573fd2b,easy,Home,71.34
291,41ef0ba7-cd40-4dac-b782-16aa1179a229,sort,Electronics,140.64
292,1016bc24-3c75-413a-9897-952d88e0ec16,country,Clothing,92.78
293,278a5dfd-4952-49f3-a232-aa74c542a4d3,quickly,Books,42.34
294,0b5f301d-cb25-4360-ad60-e72d6fe356c8,computer,Books,46.32
295,8e6bfb18-07e5-4319-9564-98b859a5710f,stop,Electronics,181.43
296,aec8de1e-f604-4f81-b7b3-fe5317f1c8de,compare,Clothing,80.09
297,027337a2-f16b-42c4-8950-2b10c165051c,attack,Clothing,181.55
298,e295f55f-ddaf-4be2-bc59-84f6766c2a3f,them,Home,198.02
299,b88904a6-7d70-4ec2-a6f8-21cc9d22cd99,glass,Home,187.48
300,6b6d4301-b781-4c36-a602-06f59b2b31fc,open,Electronics,174.92
301,197b0623-bf31-4ea6-ae02-c4cb605a4152,clear,Books,59.34
302,d87024e4-5acf-45a8-8f18-7b43fe871b04,mission,Electronics,159.14
303,4f413ba7-cdce-434d-b5c3-6b2a7ccd076e,pick,Books,31.05
304,05444878-95b6-46b9-9522-ed9ded618208,resource,Home,189.96
305,3fce3167-ca23-4c55-b015-bc4972a06273,other,Home,24.26
306,7546c662-3033-4641-8651-93d08a74a490,participant,Home,72.57
307,f4842c74-2c0d-42d2-a57f-d5d91b4ec5fe,yet,Clothing,126.42
308,12a1c460-e8be-4530-8d69-94d8ce5b87c7,force,Books,164.37
309,2cbc9994-b60b-4ce5-97b2-e1282b767719,leave,Books,61.28
310,b3840d45-87b5-46ac-a96a-fb31ec960fae,degree,Books,42.36
311,1fca750b-4ccd-4fa8-9e68-81f434fbc95f,into,Books,36.18
312,775d786d-dca8-4eb6-98a7-1813e2c91176,give,Books,97.53
313,1caa03b7-108f-4257-9a50-b787dbd8dce5,factor,Books,33.99
314,6a23b2b6-2163-48a2-9945-46207dd5c8da,have,Clothing,173.76
315,152ce27d-9067-4eb8-a7cb-7ac201aeb138,term,Books,153.08
316,c3351841-38dd-44f3-9add-34c06495ef5e,none,Electronics,178.68
317,8f0b599c-c835-4490-8399-7ad8b547b9f6,eat,Clothing,193.51
318,489b98f1-3c28-4710-84ad-f9b305a2190f,pay,Books,88.53
319,27ded61b-9fe5-4406-a52f-bf163e651022,another,Clothing,94.89
320,1b84f981-b120-4da1-a225-b05fe7cd9715,write,Clothing,33.25
321,344cef96-e518-4285-bb2e-134172f6d7c1,recently,Home,110.24
322,dad95fc4-07ac-4481-9ff7-15154c3e4c23,size,Electronics,119.8
323,525351c4-5fbd-4a1c-ab5d-b3fead39c11f,whether,Books,135.64
324,31c4748a-a027-4efd-8176-480f70679dcc,south,Books,195.51
325,e559ad0d-ef30-454e-a33a-9a0a438c34d5,fly,Clothing,71.16
326,19232624-91c1-401c-b78e-ce3033d7c80b,throughout,Books,148.86
327,d3e60a82-e8f3-4030-9270-a3d47a3341ab,building,Electronics,52.91
328,e2795d4d-45f5-4d49-b4c1-bf088bae8742,husband,Books,60.12
329,cfdae22d-5f40-4992-830a-756b6332de29,whose,Electronics,66.28
330,705383e4-d9a9-43a8-a800-b7936a632efa,team,Books,25.73
331,58f8630e-503d-4f53-99bc-bd1e90c724da,feeling,Clothing,116.12
332,a5781ca4-f364-4305-b109-b7bf25da0d27,true,Books,175.85
333,251cc296-0a90-41bc-a860-98c79edb5915,whose,Home,135.3
334,757164d7-fede-4356-b002-bdf85c064c73,organization,Electronics,149.7
335,184ff5d5-5b3f-49d5-9b2b-9b093d6604cb,firm,Clothing,49.12
336,8171344b-e6e1-4900-9ef2-0a4e2f223c3b,dinner,Books,24.82
337,757dca49-70c0-4c92-a9ce-103cec90e1d5,Mrs,Clothing,194.64
338,e89b1ace-04f6-483b-b3d8-2a48f9b881e2,different,Books,21.45
339,16945f4d-5d7a-4eea-8771-8292c85c4b1a,lose,Electronics,12.49
340,191443de-7c9a-4895-96bc-128f04d03dba,whose,Books,51.07
341,f57a5e12-3071-49f2-8276-e66ad564b1a0,reach,Home,165.52
342,60ac49dd-0046-4f60-9718-e60380161f42,reveal,Clothing,45.7
343,8529170d-6166-4699-a446-bb1ee8619671,nice,Home,29.86
344,9c9cce06-cf83-4f79-8abc-5b05526dc666,upon,Clothing,49.65
345,8175a4b5-9513-47ea-88ef-168249cd61ec,book,Home,122.2
346,960261bc-0530-4533-8854-3920b5d001f2,clearly,Books,110.25
347,55cc5b55-ad6e-4a7a-95f9-a0f8582a0199,give,Clothing,173.11
348,5610c0c2-2f8e-4c07-bf67-502dc8fc3a14,especially,Books,154.49
349,dd21d4aa-9da3-4475-8dd2-4e35d8822b85,parent,Home,69.25
350,6cec30d4-4825-4068-b44d-0a77b055cb04,sort,Home,96.26
351,eef96163-c211-4a09-8f5a-c2b440c2dc82,manager,Clothing,39.26
352,bd15ca89-9ff0-4cf5-94df-9764630da89a,focus,Electronics,105.86
353,fa0f3ca3-d12f-4696-85fe-16a329b1a5e1,fire,Books,183.68
354,856c10d5-4fec-44e6-bd8b-721236ac789a,us,Home,51.57
355,06ee1e0b-d60f-40a9-9f3a-9ec8d4630a4b,return,Clothing,79.09
356,10cb05b9-4aa6-444f-bab5-86532d8d5175,suffer,Clothing,195.26
357,4a4d8b91-bbda-404c-8e9b-8c214f918e02,take,Books,174.89
358,a8284c6b-ad42-4232-b473-10998910141b,between,Home,107.56
359,979ee80c-698e-429f-b9c8-05018d4e05d8,police,Books,158.2
360,05d9d6a5-c904-41d0-82f0-ce96a6ef08ea,defense,Books,45.71
361,52842172-5958-4171-bee6-6e5db65da3af,scene,Electronics,62.79
362,717a2815-b022-4065-bcf1-40b62ac70e6c,need,Books,41.2
363,0e8471fd-f2c2-463f-9e32-94a890eb6fef,though,Clothing,68.36
364,b709dc11-dc7d-49e6-8fb9-3547a22a04ba,quickly,Electronics,175.27
365,ec9e75a7-4e50-4c64-b486-3c6960d92967,use,Home,133.19
366,c0e2e0b4-cf6f-4348-8fba-468fd8c81fca,three,Books,37.99
367,4a72d9ee-8660-459a-8662-bceb29e6c4bc,design,Books,176.48
368,82a6229e-dc3f-472c-8a31-76d7d1cba7ee,myself,Books,151.55
369,9e7ba10e-62ba-43a0-ad4a-7a9a6af581f0,safe,Clothing,55.71
370,1e457117-ca49-430b-a2fa-18fde3b132c1,visit,Home,179.88
371,f0edfed4-211d-481c-a017-3b7a720ba28a,team,Electronics,45.54
372,92335764-965c-47d6-9044-37f8ef491586,item,Electronics,15.43
373,530c09eb-fa51-4235-af9a-e18b84703bb7,weight,Home,135.76
374,6b9489c4-387c-408a-8ffb-31ca1741e997,doctor,Clothing,96.0
375,71ba1a9a-2ae7-471b-b4a6-863698ee3ced,grow,Electronics,60.46
376,5fbe1adf-c5f6-47d5-9861-e61eb725e612,accept,Electronics,186.12
377,406fee36-c4f9-4322-9ceb-53fbf820fb64,significant,Books,25.97
378,da32e628-9ae3-401a-bd01-eeedbba01cfa,include,Home,91.98
379,7cd066a1-afbe-451c-b8fb-62fc6d8d1210,will,Electronics,38.62
380,63d7245f-2a70-456f-86ac-dc9080a41017,as,Clothing,105.42
381,fe00b1ff-61e3-46a5-9e17-13e40c06951f,each,Home,106.51
382,dd17e30a-edf2-4c72-8641-2c7a497ac9da,both,Electronics,20.1
383,e61b5c38-2b5c-47f6-8699-42f34cd3f8c9,authority,Clothing,61.79
384,3f05be81-a573-4b06-bc6f-a3aa6d8d1ab5,always,Electronics,28.58
385,5c2a2065-514c-45d8-8f2b-6390b212deab,modern,Books,133.24
386,e187ff6c-af76-45a1-b045-7bfc403f2de9,operation,Home,149.08
387,8631618e-5e8e-4937-931c-8fd6eb03dd16,agree,Home,90.29
388,f1cb9492-cc0c-4ebe-a3d4-4a31cf25df38,small,Electronics,65.86
389,a7724d77-43ff-4f53-8932-fdecb98e4586,fire,Electronics,86.51
390,27233ee3-5d6d-4327-8d2a-6dc50378b03c,sister,Home,122.87
391,67b8264e-a804-422b-9ebd-0bc61db71b2d,likely,Electronics,110.62
392,cc0fb534-f5f5-4208-8d4b-50cb4f8c0bf2,understand,Books,103.79
393,cdee3109-5f18-4893-83bb-d0fb51b295bc,than,Electronics,92.38
394,29c95a22-a06b-4b36-a209-6dc97f408ebe,outside,Books,139.42
395,685ebc5b-fc58-49ff-b9ac-a02445e038eb,board,Books,132.81
396,1ceed13d-1abc-41aa-ae32-8dd94cb394c3,security,Electronics,192.2
397,5bc4ee71-9eb5-4a5f-a7a6-a96d2c0c4303,second,Home,51.72
398,344280ce-3294-4870-abba-4f858e994ea8,score,Home,20.1
399,05224f72-b0e7-492d-b46b-0e6729bf4e7b,brother,Electronics,16.78
400,6b2443f2-4ef5-4c8f-80fd-70f74482dde4,yes,Clothing,60.57
401,0ac9dffa-a0cc-4ad8-8955-f152b6d1981d,network,Home,22.51
402,3c90e8d6-97a9-42ee-95cd-dabf98880505,well,Electronics,29.2
403,bbb79253-a217-4ed0-8d7d-dd92c4aa5d9d,ok,Electronics,53.03
404,a2a6c6c6-dde5-41a0-aaf6-c194db4560f5,attorney,Clothing,127.84
405,593ea87a-e276-4625-9731-c57bd3e0afea,discover,Electronics,146.01
406,9a00467e-dfac-4d90-bfc1-d134ac5c3dd9,there,Books,84.46
407,3dbf83a1-2496-4ff7-92b5-41150ebf5d78,too,Electronics,29.25
408,539d3b0c-09ee-4792-aa9d-19f30cac50f6,office,Clothing,149.45
409,042d4954-529c-422d-a0e6-6ab00d42a79f,their,Home,177.11
410,42cdc564-8a02-4ae8-943d-3fad448f06f0,low,Books,60.97
411,13a8d6fe-d171-458c-b1f0-c90155c2721a,imagine,Books,49.08
412,36a87620-89fb-40fe-8a65-71f1875470b8,help,Books,159.29
413,af9adce1-0e3e-4428-a5cf-39bb9294b9b7,large,Home,76.05
414,5eb476e2-46e0-4ad0-8b19-f618bd3c2c7f,key,Home,64.72
415,6ff4f924-7e7b-4143-af4a-f4955583f24a,situation,Books,123.3
416,0c1bb193-022b-456b-b419-12fdc16d0964,edge,Electronics,149.44
417,87b0ae3d-4b60-4814-a64e-6919518a85a5,not,Electronics,27.91
418,99c5923f-2ec0-4b7e-9171-7f4370231660,what,Home,105.62
419,1eb52de2-ddac-474e-9eaf-ae97ab233add,main,Electronics,143.09
420,29e322b8-c295-4a94-ac46-17ccae46a267,myself,Electronics,100.58
421,941401bc-ed37-481b-8534-f3cc48d13174,week,Home,68.01
422,b53c2622-b502-4f59-86e9-cab25577ec13,control,Books,182.27
423,cf68dbdd-04c1-4f8a-8d2d-a925b12cf925,performance,Clothing,55.34
424,7964d274-a0c2-4913-98da-7e3bc9625c2d,find,Clothing,69.87
425,e6e6d618-3262-4cea-b6c2-d4fb38a8a199,morning,Home,23.2
426,7c4a9ea8-eead-47d0-acc6-fc54fc85f133,move,Clothing,45.6
427,180c9cc5-b73c-4138-a926-1fb5f8447a06,us,Electronics,180.98
428,9a9d0646-1595-4f9b-a8ef-cb96bb0140d1,teacher,Electronics,36.95
429,1002ecf6-306d-4aae-a8ef-ca20f9748c2f,exist,Clothing,12.42
430,e123921c-a980-451b-a83f-da28ed81e054,music,Clothing,100.17
431,8299c228-0a04-46c6-bb05-48d07659c5b4,fear,Home,73.47
432,cdbbbbe3-d5e5-4ec7-b4c9-26a6b8cf6c95,appear,Home,43.73
433,369161bc-1b4a-4d53-b8b1-a488933a79ae,pattern,Books,60.13
434,95118d16-d2d5-485a-9c18-a25c29d80a9f,born,Home,24.63
435,17e9abd1-260c-416f-acfb-5e8c15677f06,reflect,Books,139.05
436,959017a8-cca2-4bee-ba42-b88d8e07e475,front,Electronics,172.09
437,25ede099-7522-41d3-8894-afdfa60f6d11,present,Home,122.86
438,65afde41-a4ce-4931-aa62-2f1bce6dad53,girl,Home,194.21
439,4fb06ce9-6caa-4699-a09c-b8190b81199b,health,Home,120.8
440,0f779b1d-c187-4126-a051-c6a56b3d1905,four,Books,102.78
441,40f0a75a-fe7d-4f9f-a3b8-329f80a0188f,forget,Books,57.03
442,4191f490-0261-4d99-96b5-555654cc3dab,moment,Electronics,30.78
443,87594bd2-8416-4107-b823-b6fe3c0891c1,go,Home,165.6
444,8d40f46c-d3f7-4a37-8eba-8a143bbe0678,economic,Books,117.78
445,6c784da3-7e1b-4646-8cdf-fc73a200dba6,rock,Electronics,198.18
446,75ac5357-980a-4e47-9a03-f7123909e2c8,wrong,Home,168.72
447,01565608-09fa-43ad-8067-d537fe064cc7,game,Books,109.8
448,82c9f985-56ae-455e-b8b6-fb39b95b5e31,try,Clothing,41.79
449,582457bb-6edf-4f55-bd89-d2f225ba6bdc,special,Electronics,37.85
450,cf4d200e-b484-4785-8f56-d206c82e8852,seat,Home,27.84
451,09798cf3-a5da-4e71-94e3-4cd38d572663,decision,Home,67.87
452,88d5b3f1-098f-46bc-b85d-f55bb3c29f29,quickly,Home,149.88
453,9f3daf53-f66c-43e9-8938-22713ebc0b41,realize,Electronics,96.0
454,a6f75b75-3cc3-4580-bf31-48edaa5f30e5,leave,Home,149.61
455,7dafccab-1fcb-41d4-b3ba-8127e3f10d76,piece,Clothing,198.06
456,96aac61f-e838-4982-afe3-02764e9c96cc,understand,Clothing,58.89
457,e1d548c0-01e4-4e3c-9cbf-846025bdf158,test,Clothing,102.43
458,93ad5965-800d-45ba-8623-7c90089a2f9e,listen,Home,79.21
459,9ffdad80-ebe1-4481-80e9-45adf63264a8,foot,Clothing,12.58
460,70e89fb8-1de2-4e85-aadd-c1fc4ea28217,low,Electronics,77.0
461,aa93c99f-7305-4228-bd96-217ebaa26a72,left,Clothing,144.93
462,378e2839-fe1f-481d-911f-fc46d73fa99b,possible,Books,179.36
463,80282a46-bb88-41c5-b0e8-55a4d12827bf,now,Books,157.16
464,130620e2-1e3b-46e1-98be-00e987367ab3,whole,Clothing,172.82
465,3cbd39a2-ea86-497a-bfc0-a52834c7bd0a,protect,Home,181.41
466,a6703e21-b798-4883-804b-39a25755d1dc,despite,Electronics,123.19
467,d8bc8107-02cd-48be-a1e2-49af70aeaf8f,sort,Electronics,31.42
468,4cac4940-d794-43b7-ba97-924ea3990c80,rather,Clothing,140.3
469,c4a89a11-1052-43ca-8072-9b4be07c2b1d,claim,Clothing,148.36
470,26c7e15a-d3eb-4e3b-a1c7-81243c6df53e,leg,Electronics,13.94
471,ebcc4dd0-07df-4717-b89c-89292aacdab4,technology,Electronics,195.94
472,6afe4e9f-2671-404e-9353-2441bb77592b,Republican,Clothing,172.69
473,d04d79e0-ec6e-4b23-bc0b-9a899fabb368,investment,Clothing,135.28
474,23407633-0b53-4b29-a1d9-91250fd0bb14,their,Books,36.91
475,86a209e4-b2fb-4baa-80a5-2481a991eaa5,rest,Home,104.59
476,6807431f-e2ea-403a-86a5-6d29956e6618,huge,Books,56.43
477,b33bd234-ddfe-4715-b6d0-841651c4f444,later,Electronics,150.79
478,aadc3d2e-3cc8-453f-be1a-fcdc8d0ab408,nation,Clothing,194.93
479,44b1e21e-7c22-4639-b8ce-9c43723ae5b9,authority,Clothing,78.29
480,02788ee3-c53f-42bd-8e4d-1ccd72c11ba4,glass,Clothing,151.43
481,9c51d2cc-784e-43af-b5bc-456097e04bf9,case,Electronics,46.83
482,acf4299a-c07e-4e74-aa52-be9fd5e5d6fc,huge,Home,191.41
483,a323a12c-b721-43d2-974f-84c805cc6eaf,take,Home,131.36
484,d9fa08ba-473e-48f5-a54d-5f289c32a521,own,Home,193.44
485,02ad1200-cc53-43fd-81a6-885c62a58b28,hundred,Clothing,176.66
486,82484b6b-b48c-4c56-b81c-fb73f111d910,think,Books,138.97
487,d5aada98-1457-446b-ab46-4373b219c1cc,similar,Home,180.85
488,9e89368e-099f-4f79-bbed-be0173a8f47a,development,Books,95.36
489,a06f97bc-38de-483a-b596-0516c2f45b6c,parent,Clothing,192.08
490,d55c907e-b80f-4f97-888b-ec33eb5d186e,smile,Electronics,110.11
491,bdf980b5-9964-4fa5-bda8-5d45f712867d,edge,Home,60.41
492,35bb578c-f9cd-4751-8d7b-b84e8ac164f3,give,Clothing,139.02
493,813a8105-6db7-499e-8cb9-d4ea56578b0a,wait,Home,178.72
494,646025fb-286f-4f4b-b7bd-cdb6972de978,off,Books,84.29
495,5e2b0513-6600-4d9c-9173-368f8f6b23d3,church,Home,89.29
496,bccaf85e-47f5-4972-8524-ece244886ca5,indeed,Clothing,198.85
497,f63717ce-2af9-4873-945b-e94b98c83c2b,compare,Home,68.77
498,90184cde-6116-41e1-91ed-37f84ddf043e,person,Home,17.81
499,6afea8ee-15de-4cb6-aec3-dd96eec4892f,artist,Clothing,108.81
500,bb63c166-f31f-4a19-b107-4eb563f1e6bd,statement,Books,75.22
501,1aed26b7-9f1f-42ec-8f12-b0cfad2e4b1e,above,Home,126.35
502,5eb3fe82-d925-4b55-8ebc-d775f17d3683,sister,Clothing,92.36
503,b0f63e7d-689e-490d-9a63-26c7013ee697,born,Books,96.46
504,8e9ee9c8-ce88-4d09-a3c7-52912b278318,recent,Home,193.95
505,1dbc45fe-4bc4-4a57-a6bf-be5cf3314d9b,condition,Clothing,160.54
506,19e2541b-e1cd-4efd-8b11-e9817ef252bf,her,Home,64.8
507,03dcf06a-a8e1-4158-b6f5-4a4729e0f0bb,they,Books,194.2
508,860a9940-5676-404c-a9bf-7772c75451d8,rock,Home,104.8
509,2d7906f7-640a-4319-b695-472ca2de9d83,necessary,Home,140.25
510,791bc7ad-b7e3-453d-a4fe-be811e8a1bbc,human,Books,98.6
511,50d5de35-fa7f-4140-a46b-d8aefcad1ea9,cultural,Electronics,38.54
512,6f23e38e-2bdf-4879-b4e4-779b92f15704,bed,Home,193.67
513,9e54b10d-4f19-4fcc-91e4-c0e7eae98496,what,Clothing,128.52
514,57d71e7d-7613-463a-806d-2ac8ecb82899,admit,Electronics,136.22
515,792e3fe9-e503-490d-99ee-75125d877557,including,Clothing,67.69
516,12b4e28a-737e-49d8-804f-d0fb69f621d1,range,Home,64.77
517,b48ffc04-9f58-46dc-b0d0-9ab00a4bec60,affect,Home,161.96
518,4b6b498a-35ef-46c1-bf3d-7b37f7e43e88,see,Books,12.96
519,109a9a2f-0c78-42d0-83d7-fd003c289575,middle,Home,17.78
520,26b3de78-9b57-4d76-8a4f-1b48c3593fbe,check,Clothing,63.77
521,6a53fa09-b26b-44b3-ba94-c0cdd2c80cfc,program,Home,122.68
522,e596b52d-c5b7-47a2-bd35-03d973cd659d,everybody,Books,20.11
523,e9a4ffaf-d16f-4c18-840d-0fef09636a05,place,Electronics,68.11
524,ebfe439c-52d1-46df-932d-c181dd3c153c,big,Electronics,91.76
525,95d25304-69e8-4e02-86c1-d394d4a1a0f1,federal,Books,135.45
526,1dc70e13-74c4-4451-89b7-ee34300067c4,my,Books,10.12
527,9193df66-d04c-4c7a-a70d-f8ef51899f04,maintain,Books,57.77
528,48931488-5760-4f38-8bfe-ef6156e1d22f,order,Electronics,76.54
529,98b76d0f-85a2-4955-bd1d-cec6177905ee,include,Books,63.82
530,d9ec847d-7d2e-4b25-8359-d98d75648cc5,stuff,Clothing,173.21
531,c59c7068-6ff0-44ba-b464-34a3bbad1032,consumer,Electronics,136.41
532,06606ad6-97d6-4cd6-9ccf-647f537a1c92,end,Electronics,156.09
533,3cadcfb9-2b3f-4d87-b329-a18664699cbe,marriage,Clothing,39.46
534,39970b9b-4b68-4689-9aca-95552a0d9ba0,painting,Books,26.34
535,dc9d0b50-187a-4af2-b1c3-37f926638a80,write,Clothing,61.43
536,e03d330f-34e9-4733-9268-3d1576dfcd10,with,Books,199.22
537,890a89d7-f2af-4b66-abe9-6ef4259971d7,war,Home,47.38
538,60bf5dbc-8d09-4950-adad-3e2e80633fd4,medical,Clothing,121.19
539,ba58c6ec-f119-41b4-be4b-049dca54c2f7,top,Books,25.34
540,edc1cf5f-9848-4015-97e2-30f14efeffe5,meet,Home,51.58
541,288e258a-3238-4414-b511-b3bef9f6330c,able,Home,99.9
542,67db987f-5cb3-4e42-8290-0977fac0db33,attorney,Electronics,77.38
543,fe6ac1ea-15de-46f5-acf0-c2ba770ed6e2,last,Home,164.22
544,00d22357-4cd7-4566-8c4c-25dbd9f04522,surface,Books,131.04
545,6a6c9a7c-15f1-4956-ab73-4bf6b16f3516,break,Home,90.29
546,648ced27-2045-43b3-8baf-153fa1581038,us,Electronics,193.71
547,ba9c420b-bc4f-40ac-a8ae-292bbb6eb237,reality,Books,28.65
548,09f572bc-d4d3-417b-92e1-899ada276979,TV,Electronics,59.64
549,a034b63e-93c3-4eb0-a65d-47e328e61e50,gas,Clothing,67.38
550,7e11fce1-eb4d-4b02-87b3-e7a7f63c7c09,participant,Home,69.04
551,357436cb-efa9-4a0d-865b-92455b236265,last,Books,117.14
552,48466e9a-af32-4da7-a387-ad2520523a7e,gun,Clothing,139.0
553,43ada34b-566a-44a3-b09c-457f51d7f9a5,know,Clothing,71.27
554,36e91c27-8c4e-450d-893c-382614df61ac,rise,Clothing,119.85
555,7ff882bc-a3f5-408b-8e8e-5ac67be6b71b,tonight,Clothing,139.83
556,82e85175-8acd-4350-91f8-48e0125ec5f6,building,Books,47.91
557,148107d2-03c7-4c14-b4f2-71ce7d536f7b,magazine,Clothing,35.78
558,0d8e861e-3e83-4d05-9d24-8032e44d0227,professor,Clothing,115.31
559,c21623ea-948d-42b0-8c41-4c92f90aa107,recently,Electronics,67.2
560,6639ec78-74c4-4a2b-a6c5-f821986e672f,go,Clothing,26.26
561,783d2b72-4822-4811-a507-26815735acf0,wait,Electronics,117.67
562,46f8c1ec-ff85-45db-80b1-692b9ca7785b,measure,Electronics,129.38
563,7fdf2eb9-7eca-46aa-9f32-502b9c79f354,they,Clothing,113.71
564,39fc486c-b9a1-45d7-9a3f-27deef12394c,bank,Home,81.43
565,930c9a51-b9c1-4482-8e7f-56f37ffcd7a0,dinner,Home,176.43
566,1672f2bb-224e-4e1c-aa94-f81c1d722ab4,trouble,Clothing,93.01
567,95dea545-ac23-4f17-ad98-f70cb3cfd004,particular,Books,36.34
568,0543a8a2-9449-42fc-b2b2-65319e158e0e,soon,Books,93.96
569,20c7126a-4ec2-4bfe-a518-c521bf0265a2,risk,Books,69.52
570,c35534db-087e-408d-ad3a-a1785f04fe43,benefit,Books,187.63
571,832a789e-756c-4540-9857-eaacb1a80ca6,he,Home,145.39
572,3be4b03f-b24a-4bd7-9921-38527c0ea3e8,paper,Clothing,98.99
573,bc876998-8d0a-4961-b578-13a02932288a,bed,Books,91.26
574,5a3fb9a8-8702-4f39-9239-5804d69265c6,someone,Clothing,89.9
575,ad1935ee-837f-4749-b453-c9ed9bb9b458,what,Books,87.95
576,8b38e08b-b8c0-4c77-9293-5e33d6f98492,allow,Clothing,15.26
577,6e0600a3-f0d7-45ef-b1f1-8f242e283351,care,Home,116.19
578,315f23cb-d13b-4441-8a99-336169857708,create,Electronics,191.92
579,fbce4ae9-a123-442a-b576-cdedd248b982,from,Books,89.97
580,7df9ad45-b95b-42a4-b11d-3d48939842ba,practice,Electronics,153.61
581,364a55cb-0c2d-4001-82b3-89002e786ad8,mouth,Electronics,126.89
582,6012fee2-911c-4506-8477-96eb49223d3b,Democrat,Home,67.45
583,bf065d45-c2c9-476c-99c5-acd046961e58,will,Home,56.1
584,c70a4b2f-a265-4aa9-9587-afcad00d27a0,spend,Home,107.32
585,840ab655-adb6-4f50-8545-8a39c150dcd7,seek,Electronics,34.18
586,82cda245-3d23-42e6-986d-efa060a13522,lay,Books,113.22
587,42a81173-60b1-4130-9292-57e2f9366050,growth,Clothing,117.46
588,1e58cb8c-bd11-4a06-bc94-bf0644843136,sign,Electronics,65.74
589,93e8eaab-2e6b-4efa-9c38-5eede0a26bf8,pass,Electronics,153.51
590,4360329e-19e9-4bfd-94b2-bf2b5a1b942b,way,Books,84.61
591,03fc62f8-e304-4cfa-8c42-51ed0589ad32,hear,Home,86.56
592,3d65dc85-dda1-47f6-afe4-78b0d654ff28,find,Home,11.13
593,ebbf1ccd-d882-4c74-9eab-4c788df89ab0,local,Clothing,163.42
594,df03f3b5-edb7-4bf1-a4b3-471711766ba8,successful,Electronics,176.23
595,89fdeb4c-0e56-4a75-8140-bdf492297d9c,can,Electronics,97.44
596,32cf0fe9-b1b0-4a3b-b801-9d0e51dbe0de,sport,Books,20.33
597,c9a8f9ee-506e-428c-b941-5b1e6fb4e7d2,blood,Electronics,20.39
598,4ba553e0-07eb-4309-be61-a3adbca780fd,dog,Books,167.68
599,494ea118-9a17-46f8-aa18-1cf27e095c34,then,Home,133.48
600,507758b4-ec7d-48b4-a719-a1d34d32e8d4,by,Books,73.36
601,5537da94-57d4-49e5-a208-b28d72815edd,entire,Books,28.51
602,ad581708-881e-40cc-af42-adb00c97fc7e,they,Electronics,65.21
603,7a5289c3-d736-4ab8-a71f-5ec4a823e20d,already,Home,101.48
604,8f2aad81-67ac-4ef1-9d71-b8efbe37d77d,voice,Electronics,72.95
605,b1b31f54-8777-4a7c-96bd-73a331077b4b,outside,Home,21.56
606,c59cd28f-7693-4d19-9754-306f629eac59,blood,Clothing,150.69
607,507d0370-fe8c-4eed-bb0f-b0a7dc731c22,member,Books,138.14
608,a48531c3-f843-4634-b9e1-6c9037e4f101,everything,Clothing,150.48
609,933feabc-f8c1-400c-9326-c4ed4b73f763,practice,Books,20.07
610,4851df03-7cbe-44d5-ac60-6cc8ee668375,management,Books,48.96
611,3e43e94c-4411-4427-b5fc-95e8019b3704,arrive,Books,37.39
612,bd6141ea-d210-4ca3-8347-f5068a4ee577,would,Electronics,150.68
613,edb610cc-f466-494f-8ee3-2fc634a4929a,voice,Books,104.11
614,c8096aba-57fc-413c-8649-a86308bff6d9,phone,Clothing,52.47
615,a289b855-0ec8-446d-9595-7c17cee6cd83,try,Electronics,138.38
616,d12ab442-ba77-4e1c-9f46-7103c3701489,add,Electronics,171.93
617,c7a2d091-6b6c-493c-9a7e-0aad8d038d3f,must,Electronics,67.17
618,973c40c5-a2b2-4e5e-9ec3-80c8f4591c14,pick,Electronics,69.07
619,94f81b51-c6bc-40ac-809a-0869675cffd1,trade,Clothing,197.94
620,b051b2cb-efa2-45f2-a0cc-02fcb7941706,process,Home,11.23
621,95b5ecc1-a8a0-403d-bb20-612470c12109,they,Electronics,102.14
622,997e6f85-2382-4123-9501-32e9ead75214,back,Home,140.68
623,ed87a0e7-ccba-4874-a5c2-70d70b1515da,expert,Books,31.79
624,25abc327-415c-41b4-abe2-d7e2b5ee0ef7,list,Clothing,10.01
625,86e04a9d-cea3-4d26-9af3-ed264aa06c53,speech,Electronics,124.72
626,08da17fb-7fce-4e0c-b033-fa5469316f57,there,Electronics,33.0
627,0d7ea855-62a5-4731-9a43-b4df728a55dd,foot,Clothing,28.4
628,5d65e5f9-1b4a-4b05-961c-d1f152223dbd,tough,Clothing,48.82
629,3d4fc4e3-eeba-48e2-a213-0577f27642db,after,Clothing,100.01
630,e57393a8-fd19-4204-9902-6e796acd6889,investment,Home,168.22
631,a7b4cf6b-3202-4c83-aaa9-99bec5a69597,major,Home,94.33
632,6c34aec8-77cd-41c3-b01e-f93f279f6d58,threat,Electronics,20.57
633,3e905f94-f9c2-4904-9532-062527f9fe49,safe,Home,33.14
634,6ae02d2f-f4f9-43f1-9dff-6d4b7e88c01f,light,Electronics,86.87
635,c46c3f61-f5bd-4ac1-b3fb-0ad42b858cc5,it,Home,196.71
636,771a1c6e-812b-479a-8ee9-01eff8419a67,agency,Books,165.85
637,d9997bc3-5520-4696-8475-9fc58538bdd6,fall,Clothing,169.93
638,ffa7312d-3dae-4ce2-a653-75131c1b39ef,table,Home,113.88
639,ed313077-8684-49b6-912d-1c471804b933,store,Clothing,166.12
640,daec5de8-6c48-4b53-830b-6fcd9ea4f5f1,answer,Home,139.45
641,bc3c2dc2-7cd4-4b74-a27a-5465df1aa147,energy,Home,173.27
642,3775d861-1632-4a72-8632-71ca0ed1298a,analysis,Home,127.26
643,e9976ec3-8c6d-4495-970d-3b772808a38c,democratic,Home,92.15
644,1948497b-f40b-4e92-aaa5-29e937aebcf4,goal,Home,130.88
645,332269eb-d5af-4e1e-80eb-09d6ef440d6e,forward,Books,45.11
646,8fa2310b-271e-4252-a645-8f1b6268adb3,then,Clothing,165.52
647,10bfdf14-c2ff-4b86-9d11-a43ca854b559,together,Books,134.92
648,9aa86b78-f3f8-4df0-a1cc-75c2ba51e5a0,them,Books,42.45
649,4ae662f7-1a3d-41d8-a09f-c4242acb3940,discussion,Books,150.92
650,6947b883-fdc6-46fb-9295-cf2ac7a55528,believe,Home,113.87
651,bc5f1578-0287-40c5-a5c1-e8089cdc35e1,these,Electronics,100.47
652,26c169df-f99b-4ff3-bcb1-c029bfe247b2,value,Books,65.11
653,32282793-75e6-4327-94b8-0bf5a7757d87,democratic,Books,136.83
654,5abdcddc-0db3-4e9d-b50e-88276a6af174,southern,Books,192.23
655,0cf061af-87ce-45de-82e6-fef7f3d03123,understand,Home,103.66
656,1d92b97d-a490-4397-927a-8ec222ede61c,its,Electronics,136.86
657,75995f7e-f272-42f4-af09-5e43f7076a47,range,Home,84.33
